[
  {
    "model": "tasks.position",
    "pk": 1,
    "fields": {
      "name": "Therapist, drama"
    }
  },
  {
    "model": "tasks.position",
    "pk": 2,
    "fields": {
      "name": "Merchandiser, retail"
    }
  },
  {
    "model": "tasks.position",
    "pk": 3,
    "fields": {
      "name": "Retail manager"
    }
  },
  {
    "model": "tasks.position",
    "pk": 4,
    "fields": {
      "name": "Architectural technologist"
    }
  },
  {
    "model": "tasks.position",
    "pk": 5,
    "fields": {
      "name": "IT sales professional"
    }
  },
  {
    "model": "tasks.position",
    "pk": 6,
    "fields": {
      "name": "Education administrator"
    }
  },
  {
    "model": "tasks.position",
    "pk": 7,
    "fields": {
      "name": "Psychologist, clinical"
    }
  },
  {
    "model": "tasks.position",
    "pk": 8,
    "fields": {
      "name": "Scientist, physiological"
    }
  },
  {
    "model": "tasks.position",
    "pk": 9,
    "fields": {
      "name": "Scientist, marine"
    }
  },
  {
    "model": "tasks.position",
    "pk": 10,
    "fields": {
      "name": "Ergonomist"
    }
  },
  {
    "model": "tasks.worker",
    "pk": 1,
    "fields": {
      "username": "james16",
      "first_name": "Shelly",
      "last_name": "Johns",
      "email": "victoriahill@gonzalez-wright.com",
      "position": 1
    }
  },
  {
    "model": "tasks.worker",
    "pk": 2,
    "fields": {
      "username": "fosterdebbie",
      "first_name": "Kimberly",
      "last_name": "Ford",
      "email": "erik29@allen.net",
      "position": 4
    }
  },
  {
    "model": "tasks.worker",
    "pk": 3,
    "fields": {
      "username": "joseph19",
      "first_name": "Jennifer",
      "last_name": "Avila",
      "email": "julietate@jones.info",
      "position": 1
    }
  },
  {
    "model": "tasks.worker",
    "pk": 4,
    "fields": {
      "username": "kimberly49",
      "first_name": "Carla",
      "last_name": "Williams",
      "email": "heathermullins@hotmail.com",
      "position": 8
    }
  },
  {
    "model": "tasks.worker",
    "pk": 5,
    "fields": {
      "username": "lloydjeffrey",
      "first_name": "Aaron",
      "last_name": "Mack",
      "email": "joseph62@kramer.com",
      "position": 9
    }
  },
  {
    "model": "tasks.worker",
    "pk": 6,
    "fields": {
      "username": "tyler12",
      "first_name": "Carlos",
      "last_name": "Rivera",
      "email": "jgutierrez@gmail.com",
      "position": 2
    }
  },
  {
    "model": "tasks.worker",
    "pk": 7,
    "fields": {
      "username": "ycole",
      "first_name": "Jason",
      "last_name": "Davis",
      "email": "russell59@hardin.info",
      "position": 5
    }
  },
  {
    "model": "tasks.worker",
    "pk": 8,
    "fields": {
      "username": "lbaker",
      "first_name": "Brian",
      "last_name": "Brown",
      "email": "rachel08@yahoo.com",
      "position": 3
    }
  },
  {
    "model": "tasks.worker",
    "pk": 9,
    "fields": {
      "username": "gcardenas",
      "first_name": "Calvin",
      "last_name": "Carlson",
      "email": "wsmith@gmail.com",
      "position": 5
    }
  },
  {
    "model": "tasks.worker",
    "pk": 10,
    "fields": {
      "username": "alexis71",
      "first_name": "Brittany",
      "last_name": "Hendricks",
      "email": "sara13@lee.com",
      "position": 5
    }
  },
  {
    "model": "tasks.worker",
    "pk": 11,
    "fields": {
      "username": "salazarkelly",
      "first_name": "Elizabeth",
      "last_name": "Nunez",
      "email": "steven99@mcintyre-miller.info",
      "position": 9
    }
  },
  {
    "model": "tasks.worker",
    "pk": 12,
    "fields": {
      "username": "tmartin",
      "first_name": "Clinton",
      "last_name": "Luna",
      "email": "obriensarah@hoffman.net",
      "position": 7
    }
  },
  {
    "model": "tasks.worker",
    "pk": 13,
    "fields": {
      "username": "larry98",
      "first_name": "Robin",
      "last_name": "Cole",
      "email": "kaylachen@castaneda.com",
      "position": 4
    }
  },
  {
    "model": "tasks.worker",
    "pk": 14,
    "fields": {
      "username": "wriley",
      "first_name": "Raven",
      "last_name": "Myers",
      "email": "mjimenez@mccullough.com",
      "position": 2
    }
  },
  {
    "model": "tasks.worker",
    "pk": 15,
    "fields": {
      "username": "parrishkimberly",
      "first_name": "Timothy",
      "last_name": "Mccoy",
      "email": "iwillis@campbell-smith.com",
      "position": 10
    }
  },
  {
    "model": "tasks.worker",
    "pk": 16,
    "fields": {
      "username": "joshua93",
      "first_name": "Jennifer",
      "last_name": "Scott",
      "email": "lchen@harris-miller.com",
      "position": 10
    }
  },
  {
    "model": "tasks.worker",
    "pk": 17,
    "fields": {
      "username": "raymond30",
      "first_name": "Laura",
      "last_name": "Martinez",
      "email": "angelamurphy@bryant-fernandez.com",
      "position": 8
    }
  },
  {
    "model": "tasks.worker",
    "pk": 18,
    "fields": {
      "username": "jeremy94",
      "first_name": "Jessica",
      "last_name": "Williams",
      "email": "jack74@hotmail.com",
      "position": 4
    }
  },
  {
    "model": "tasks.worker",
    "pk": 19,
    "fields": {
      "username": "goldendebra",
      "first_name": "John",
      "last_name": "Moore",
      "email": "amyacosta@hotmail.com",
      "position": 7
    }
  },
  {
    "model": "tasks.worker",
    "pk": 20,
    "fields": {
      "username": "msimpson",
      "first_name": "David",
      "last_name": "Carter",
      "email": "johnsonnicholas@gmail.com",
      "position": 4
    }
  },
  {
    "model": "tasks.tasktype",
    "pk": 1,
    "fields": {
      "name": "each"
    }
  },
  {
    "model": "tasks.tasktype",
    "pk": 2,
    "fields": {
      "name": "performance"
    }
  },
  {
    "model": "tasks.tasktype",
    "pk": 3,
    "fields": {
      "name": "health"
    }
  },
  {
    "model": "tasks.tasktype",
    "pk": 4,
    "fields": {
      "name": "factor"
    }
  },
  {
    "model": "tasks.tasktype",
    "pk": 5,
    "fields": {
      "name": "animal"
    }
  },
  {
    "model": "tasks.tasktype",
    "pk": 6,
    "fields": {
      "name": "according"
    }
  },
  {
    "model": "tasks.tasktype",
    "pk": 7,
    "fields": {
      "name": "toward"
    }
  },
  {
    "model": "tasks.tasktype",
    "pk": 8,
    "fields": {
      "name": "career"
    }
  },
  {
    "model": "tasks.tasktype",
    "pk": 9,
    "fields": {
      "name": "turn"
    }
  },
  {
    "model": "tasks.tasktype",
    "pk": 10,
    "fields": {
      "name": "assume"
    }
  },
  {
    "model": "tasks.task",
    "pk": 1,
    "fields": {
      "name": "Part three agent.",
      "description": "Hope TV commercial may wide fast population. Environmental claim become there by news. Third young into.\nLaugh really meeting help red. Of cause another how.\nUnit visit magazine even year owner.",
      "deadline": "2024-07-31",
      "is_completed": true,
      "priority": "normal",
      "task_type": 3,
      "assignees": [
        9,
        13
      ]
    }
  },
  {
    "model": "tasks.task",
    "pk": 2,
    "fields": {
      "name": "Ready want point.",
      "description": "Gun article deal. Film seat member nation industry month final. Create actually right send western all.\nSociety share notice cup question usually. Seven technology community street per wife.",
      "deadline": "2024-06-19",
      "is_completed": true,
      "priority": "normal",
      "task_type": 6,
      "assignees": [
        1,
        7,
        6,
        5,
        18
      ]
    }
  },
  {
    "model": "tasks.task",
    "pk": 3,
    "fields": {
      "name": "Dinner against certainly fall.",
      "description": "Likely investment ready by deal. Forget standard artist sister glass parent physical guy. Early now attention sell condition television network. Political person service.",
      "deadline": "2025-04-08",
      "is_completed": true,
      "priority": "high",
      "task_type": 8,
      "assignees": [
        9
      ]
    }
  },
  {
    "model": "tasks.task",
    "pk": 4,
    "fields": {
      "name": "Unit according it.",
      "description": "Grow fish government cultural there throw represent standard. Prepare sea blue pick yet close.\nEnough tell well poor card number. Who base growth walk peace. Focus structure simple reflect.",
      "deadline": "2024-08-23",
      "is_completed": false,
      "priority": "low",
      "task_type": 6,
      "assignees": [
        14
      ]
    }
  },
  {
    "model": "tasks.task",
    "pk": 5,
    "fields": {
      "name": "Just.",
      "description": "Government white present owner. Number art scientist without town while see push. Know far story call likely.\nDevelopment owner focus. Audience old choose meet.",
      "deadline": "2024-09-29",
      "is_completed": false,
      "priority": "normal",
      "task_type": 7,
      "assignees": [
        20
      ]
    }
  },
  {
    "model": "tasks.task",
    "pk": 6,
    "fields": {
      "name": "Same stage education.",
      "description": "Executive million staff partner federal road half. Myself nation hair become knowledge game perform white.\nAuthor economic nice be. Mean turn week a person.",
      "deadline": "2025-05-13",
      "is_completed": true,
      "priority": "high",
      "task_type": 2,
      "assignees": [
        9,
        17,
        13,
        4
      ]
    }
  },
  {
    "model": "tasks.task",
    "pk": 7,
    "fields": {
      "name": "Eye president.",
      "description": "While voice then. Book person but manager most its improve.\nUntil information learn bill half. Maybe bag option fight teach air.",
      "deadline": "2024-11-09",
      "is_completed": false,
      "priority": "normal",
      "task_type": 6,
      "assignees": [
        19,
        14,
        10,
        4,
        9
      ]
    }
  },
  {
    "model": "tasks.task",
    "pk": 8,
    "fields": {
      "name": "Crime anything this.",
      "description": "Else book tough recently. Particular mention choose leave message field course deal.\nThe lead human benefit despite. Thus security student purpose kind leader people.",
      "deadline": "2025-05-24",
      "is_completed": true,
      "priority": "high",
      "task_type": 2,
      "assignees": [
        9,
        5,
        8
      ]
    }
  },
  {
    "model": "tasks.task",
    "pk": 9,
    "fields": {
      "name": "Write call fire.",
      "description": "Understand section election bag. Anything while consider control. Can news base each science floor better.\nCover prepare who need well. Memory security half.",
      "deadline": "2024-07-19",
      "is_completed": false,
      "priority": "normal",
      "task_type": 1,
      "assignees": [
        7,
        17,
        11,
        12
      ]
    }
  },
  {
    "model": "tasks.task",
    "pk": 10,
    "fields": {
      "name": "Operation suffer feel.",
      "description": "Choice we brother impact though factor until travel.\nCivil others indeed give use scene. Just central prevent heart administration.",
      "deadline": "2024-12-04",
      "is_completed": true,
      "priority": "urgent",
      "task_type": 3,
      "assignees": [
        12,
        5
      ]
    }
  },
  {
    "model": "tasks.task",
    "pk": 11,
    "fields": {
      "name": "Six almost pressure.",
      "description": "Dream large military middle per that though. Discuss production try wall kitchen score include appear.\nSingle another me rest. Population operation go bag dream your another.",
      "deadline": "2024-07-02",
      "is_completed": true,
      "priority": "high",
      "task_type": 6,
      "assignees": [
        10,
        18,
        20
      ]
    }
  },
  {
    "model": "tasks.task",
    "pk": 12,
    "fields": {
      "name": "If down own.",
      "description": "Care somebody both of oil particularly how trade. Lawyer common audience office. Or unit commercial issue.",
      "deadline": "2025-02-01",
      "is_completed": false,
      "priority": "high",
      "task_type": 6,
      "assignees": [
        12,
        11,
        19,
        17
      ]
    }
  },
  {
    "model": "tasks.task",
    "pk": 13,
    "fields": {
      "name": "Program.",
      "description": "Tough child follow compare it. Forget space community imagine most game.\nKid place check rule technology. Born open huge outside analysis learn.",
      "deadline": "2024-07-17",
      "is_completed": true,
      "priority": "high",
      "task_type": 1,
      "assignees": [
        9,
        4
      ]
    }
  },
  {
    "model": "tasks.task",
    "pk": 14,
    "fields": {
      "name": "Model rest.",
      "description": "However imagine west late wait them student. Region expert always. On newspaper always represent choice budget quite way.",
      "deadline": "2024-09-19",
      "is_completed": false,
      "priority": "low",
      "task_type": 2,
      "assignees": [
        19
      ]
    }
  },
  {
    "model": "tasks.task",
    "pk": 15,
    "fields": {
      "name": "Good whatever.",
      "description": "Into report feel brother item high movement.\nLot inside fact. President north result young himself. Lose none claim. Protect ok yet field sure key everybody right.",
      "deadline": "2024-07-26",
      "is_completed": false,
      "priority": "urgent",
      "task_type": 5,
      "assignees": [
        9,
        13,
        10,
        16,
        1
      ]
    }
  },
  {
    "model": "tasks.task",
    "pk": 16,
    "fields": {
      "name": "Item represent area hear.",
      "description": "Building nation next pattern. Want last relate value year baby.\nIndividual attorney source day writer girl foreign example. Big fill present wish politics fear theory.",
      "deadline": "2024-12-27",
      "is_completed": true,
      "priority": "urgent",
      "task_type": 9,
      "assignees": [
        7,
        6,
        11,
        20
      ]
    }
  },
  {
    "model": "tasks.task",
    "pk": 17,
    "fields": {
      "name": "Apply.",
      "description": "Team defense maintain again finish government.\nCompare tough address trouble very hard. In voice experience reach clearly shake. Up bad design happen knowledge.",
      "deadline": "2025-05-22",
      "is_completed": false,
      "priority": "low",
      "task_type": 5,
      "assignees": [
        6,
        5,
        13,
        1
      ]
    }
  },
  {
    "model": "tasks.task",
    "pk": 18,
    "fields": {
      "name": "Probably why ok.",
      "description": "Yet society million group. Case husband ahead character. Measure discuss season kid unit difficult option.",
      "deadline": "2025-02-28",
      "is_completed": true,
      "priority": "high",
      "task_type": 2,
      "assignees": [
        15
      ]
    }
  },
  {
    "model": "tasks.task",
    "pk": 19,
    "fields": {
      "name": "Artist claim.",
      "description": "Summer across else fund wear budget. Customer later road executive other.",
      "deadline": "2025-03-07",
      "is_completed": true,
      "priority": "urgent",
      "task_type": 3,
      "assignees": [
        5,
        18,
        13,
        9,
        16
      ]
    }
  },
  {
    "model": "tasks.task",
    "pk": 20,
    "fields": {
      "name": "Participant rock.",
      "description": "Each require thought expect. Rate foot maybe ground benefit. Place behavior factor near partner maintain.",
      "deadline": "2024-06-17",
      "is_completed": false,
      "priority": "normal",
      "task_type": 4,
      "assignees": [
        8,
        1,
        9,
        2,
        14
      ]
    }
  }
]