[
{
  "model": "tasks.position",
  "pk": 1,
  "fields": {
    "name": "Speech and language therapist"
  }
},
{
  "model": "tasks.position",
  "pk": 2,
  "fields": {
    "name": "Research scientist (physical sciences)"
  }
},
{
  "model": "tasks.position",
  "pk": 3,
  "fields": {
    "name": "Arboriculturist"
  }
},
{
  "model": "tasks.position",
  "pk": 4,
  "fields": {
    "name": "Community pharmacist"
  }
},
{
  "model": "tasks.position",
  "pk": 5,
  "fields": {
    "name": "Mudlogger"
  }
},
{
  "model": "tasks.position",
  "pk": 6,
  "fields": {
    "name": "Facilities manager"
  }
},
{
  "model": "tasks.position",
  "pk": 7,
  "fields": {
    "name": "Engineer, civil (contracting)"
  }
},
{
  "model": "tasks.position",
  "pk": 8,
  "fields": {
    "name": "Engineer, maintenance (IT)"
  }
},
{
  "model": "tasks.position",
  "pk": 9,
  "fields": {
    "name": "Technical sales engineer"
  }
},
{
  "model": "tasks.position",
  "pk": 10,
  "fields": {
    "name": "Development worker, international aid"
  }
},
{
  "model": "tasks.tasktype",
  "pk": 1,
  "fields": {
    "name": "success"
  }
},
{
  "model": "tasks.tasktype",
  "pk": 2,
  "fields": {
    "name": "popular"
  }
},
{
  "model": "tasks.tasktype",
  "pk": 3,
  "fields": {
    "name": "similar"
  }
},
{
  "model": "tasks.tasktype",
  "pk": 4,
  "fields": {
    "name": "must"
  }
},
{
  "model": "tasks.tasktype",
  "pk": 5,
  "fields": {
    "name": "manage"
  }
},
{
  "model": "tasks.tasktype",
  "pk": 6,
  "fields": {
    "name": "office"
  }
},
{
  "model": "tasks.tasktype",
  "pk": 7,
  "fields": {
    "name": "class"
  }
},
{
  "model": "tasks.tasktype",
  "pk": 8,
  "fields": {
    "name": "western"
  }
},
{
  "model": "tasks.tasktype",
  "pk": 9,
  "fields": {
    "name": "home"
  }
},
{
  "model": "tasks.tasktype",
  "pk": 10,
  "fields": {
    "name": "lose"
  }
},
{
  "model": "tasks.tag",
  "pk": 1,
  "fields": {
    "name": "have"
  }
},
{
  "model": "tasks.tag",
  "pk": 2,
  "fields": {
    "name": "nice"
  }
},
{
  "model": "tasks.tag",
  "pk": 3,
  "fields": {
    "name": "body"
  }
},
{
  "model": "tasks.tag",
  "pk": 4,
  "fields": {
    "name": "which"
  }
},
{
  "model": "tasks.tag",
  "pk": 5,
  "fields": {
    "name": "future"
  }
},
{
  "model": "tasks.tag",
  "pk": 6,
  "fields": {
    "name": "letter"
  }
},
{
  "model": "tasks.tag",
  "pk": 7,
  "fields": {
    "name": "admit"
  }
},
{
  "model": "tasks.tag",
  "pk": 8,
  "fields": {
    "name": "type"
  }
},
{
  "model": "tasks.tag",
  "pk": 9,
  "fields": {
    "name": "treat"
  }
},
{
  "model": "tasks.tag",
  "pk": 10,
  "fields": {
    "name": "get"
  }
},
{
  "model": "tasks.task",
  "pk": 1,
  "fields": {
    "name": "Democratic dinner fine stuff simply century.",
    "description": "Upon hour throughout yourself yes make let. Dream sure control increase new.",
    "deadline": "2024-07-04T10:48:35.232Z",
    "is_completed": true,
    "priority": "low",
    "task_type": 4,
    "created_at": "2024-06-14T10:48:35.235Z",
    "updated_at": "2024-06-14T10:48:35.235Z",
    "assignees": [
      7,
      8,
      10,
      12,
      13,
      4,
      6,
      3
    ],
    "tags": [
      1,
      2
    ]
  }
},
{
  "model": "tasks.task",
  "pk": 2,
  "fields": {
    "name": "Whose sure every start summer know some north.",
    "description": "Amount indicate result eat scientist parent. Well treatment really only drive candidate center.",
    "deadline": "2024-06-25T10:48:35.246Z",
    "is_completed": true,
    "priority": "high",
    "task_type": 1,
    "created_at": "2024-06-14T10:48:35.246Z",
    "updated_at": "2024-06-14T10:48:35.247Z",
    "assignees": [
      13,
      4,
      2
    ],
    "tags": [
      3,
      2,
      4
    ]
  }
},
{
  "model": "tasks.task",
  "pk": 3,
  "fields": {
    "name": "Then simple despite majority.",
    "description": "Plan month range could. Rate those lawyer quickly from herself wait.",
    "deadline": "2024-07-01T10:48:35.253Z",
    "is_completed": true,
    "priority": "low",
    "task_type": 3,
    "created_at": "2024-06-14T10:48:35.253Z",
    "updated_at": "2024-06-14T10:48:35.253Z",
    "assignees": [
      7,
      8,
      10,
      12,
      5,
      13,
      14,
      6,
      3,
      9
    ],
    "tags": [
      3,
      5,
      1
    ]
  }
},
{
  "model": "tasks.task",
  "pk": 4,
  "fields": {
    "name": "Move opportunity all remember laugh.",
    "description": "Or item action expect each. Summer week ago both. Chance billion none.",
    "deadline": "2024-06-30T10:48:35.260Z",
    "is_completed": false,
    "priority": "normal",
    "task_type": 5,
    "created_at": "2024-06-14T10:48:35.260Z",
    "updated_at": "2024-06-14T10:48:35.260Z",
    "assignees": [
      7,
      10,
      5,
      4,
      2,
      16,
      15,
      11,
      9
    ],
    "tags": [
      3,
      2
    ]
  }
},
{
  "model": "tasks.task",
  "pk": 5,
  "fields": {
    "name": "Operation other pretty.",
    "description": "Soon term today voice occur. Someone produce fast pattern everyone material agreement. Answer prepare fight mother rich tree. Natural drive marriage plan remain now.",
    "deadline": "2024-07-05T10:48:35.266Z",
    "is_completed": false,
    "priority": "high",
    "task_type": 2,
    "created_at": "2024-06-14T10:48:35.267Z",
    "updated_at": "2024-06-14T10:48:35.267Z",
    "assignees": [
      10,
      4,
      2,
      16,
      14,
      6,
      3,
      11
    ],
    "tags": [
      3,
      5,
      1,
      2
    ]
  }
},
{
  "model": "tasks.task",
  "pk": 6,
  "fields": {
    "name": "Process four me foreign activity dream.",
    "description": "Agent method shoulder his. Edge candidate include move around even. Should rather team exist line natural drug according. Detail wife sing be.",
    "deadline": "2024-07-02T10:48:35.273Z",
    "is_completed": false,
    "priority": "high",
    "task_type": 1,
    "created_at": "2024-06-14T10:48:35.273Z",
    "updated_at": "2024-06-14T10:48:35.274Z",
    "assignees": [
      7,
      8,
      10,
      12,
      13,
      4,
      14,
      15,
      6,
      3,
      11,
      9
    ],
    "tags": [
      5
    ]
  }
},
{
  "model": "tasks.task",
  "pk": 7,
  "fields": {
    "name": "Box mean avoid above letter around.",
    "description": "Success model decide among sign state effort number. Positive present product above effect whether.",
    "deadline": "2024-07-07T10:48:35.281Z",
    "is_completed": true,
    "priority": "urgent",
    "task_type": 1,
    "created_at": "2024-06-14T10:48:35.282Z",
    "updated_at": "2024-06-14T10:48:35.282Z",
    "assignees": [
      8,
      12,
      5,
      13,
      4,
      2,
      16,
      15,
      6
    ],
    "tags": [
      3,
      5,
      1,
      2,
      4
    ]
  }
},
{
  "model": "tasks.task",
  "pk": 8,
  "fields": {
    "name": "Perhaps along back audience.",
    "description": "Inside under school fact green present institution. Raise young fall kind onto interview leader. Recent sometimes subject.",
    "deadline": "2024-06-25T10:48:35.289Z",
    "is_completed": true,
    "priority": "high",
    "task_type": 2,
    "created_at": "2024-06-14T10:48:35.289Z",
    "updated_at": "2024-06-14T10:48:35.289Z",
    "assignees": [
      8,
      12,
      5,
      13,
      4,
      2,
      14,
      15,
      6,
      3,
      11,
      9
    ],
    "tags": [
      3,
      5,
      4
    ]
  }
},
{
  "model": "tasks.task",
  "pk": 9,
  "fields": {
    "name": "Better across recognize common leg professional later.",
    "description": "Should onto south stay free. Plan write later common subject out information list.",
    "deadline": "2024-06-22T10:48:35.298Z",
    "is_completed": true,
    "priority": "urgent",
    "task_type": 3,
    "created_at": "2024-06-14T10:48:35.298Z",
    "updated_at": "2024-06-14T10:48:35.298Z",
    "assignees": [
      7,
      8,
      10,
      12,
      5,
      13,
      4,
      2,
      16,
      14,
      15,
      6,
      3,
      11,
      9
    ],
    "tags": [
      3,
      5,
      1,
      2
    ]
  }
},
{
  "model": "tasks.task",
  "pk": 10,
  "fields": {
    "name": "Form personal development.",
    "description": "Meeting consumer task authority baby. Represent involve according. Move accept too place think enjoy nice production.",
    "deadline": "2024-07-01T10:48:35.305Z",
    "is_completed": true,
    "priority": "urgent",
    "task_type": 3,
    "created_at": "2024-06-14T10:48:35.306Z",
    "updated_at": "2024-06-14T10:48:35.306Z",
    "assignees": [
      7,
      8,
      10,
      13,
      4,
      11,
      9
    ],
    "tags": [
      5,
      1
    ]
  }
},
{
  "model": "tasks.task",
  "pk": 11,
  "fields": {
    "name": "Memory others least red edge.",
    "description": "Imagine industry nice like police. Why above rest onto. Which painting performance for produce read born.",
    "deadline": "2024-07-09T10:48:35.313Z",
    "is_completed": false,
    "priority": "normal",
    "task_type": 5,
    "created_at": "2024-06-14T10:48:35.313Z",
    "updated_at": "2024-06-14T10:48:35.313Z",
    "assignees": [
      12,
      13,
      4,
      14,
      15
    ],
    "tags": [
      3,
      5,
      1,
      2
    ]
  }
},
{
  "model": "tasks.task",
  "pk": 12,
  "fields": {
    "name": "Administration million we manage knowledge.",
    "description": "Home serve outside loss weight. Represent defense fly. Make line task already. Month indicate war enough next body.",
    "deadline": "2024-07-01T10:48:35.321Z",
    "is_completed": true,
    "priority": "urgent",
    "task_type": 2,
    "created_at": "2024-06-14T10:48:35.321Z",
    "updated_at": "2024-06-14T10:48:35.321Z",
    "assignees": [
      7,
      8,
      10,
      12,
      5,
      13,
      4,
      2,
      16,
      14,
      15,
      6,
      3,
      11,
      9
    ],
    "tags": [
      3,
      5,
      1,
      2
    ]
  }
},
{
  "model": "tasks.task",
  "pk": 13,
  "fields": {
    "name": "Network indeed quality determine industry hit note range.",
    "description": "Actually list them learn card attorney none style.",
    "deadline": "2024-06-29T10:48:35.328Z",
    "is_completed": false,
    "priority": "normal",
    "task_type": 3,
    "created_at": "2024-06-14T10:48:35.328Z",
    "updated_at": "2024-06-14T10:48:35.328Z",
    "assignees": [
      8,
      4,
      16,
      6
    ],
    "tags": [
      3,
      5,
      1,
      2,
      4
    ]
  }
},
{
  "model": "tasks.task",
  "pk": 14,
  "fields": {
    "name": "No color citizen similar leg face just prepare.",
    "description": "East ever test trouble. Travel wear same kid laugh gas. Weight maybe you kind.",
    "deadline": "2024-06-20T10:48:35.336Z",
    "is_completed": false,
    "priority": "urgent",
    "task_type": 4,
    "created_at": "2024-06-14T10:48:35.337Z",
    "updated_at": "2024-06-14T10:48:35.337Z",
    "assignees": [
      7,
      8,
      10,
      12,
      5,
      13,
      4,
      2,
      16,
      6,
      3
    ],
    "tags": [
      1,
      4
    ]
  }
},
{
  "model": "tasks.task",
  "pk": 15,
  "fields": {
    "name": "Stage enter source skin where.",
    "description": "Hope large behavior discover idea computer talk. Nothing growth home material how just up upon. Maintain ten tend none vote.",
    "deadline": "2024-07-12T10:48:35.344Z",
    "is_completed": false,
    "priority": "urgent",
    "task_type": 1,
    "created_at": "2024-06-14T10:48:35.344Z",
    "updated_at": "2024-06-14T10:48:35.344Z",
    "assignees": [
      8,
      10,
      12,
      5,
      4,
      15,
      6,
      3,
      11,
      9
    ],
    "tags": [
      3,
      1,
      2,
      4
    ]
  }
},
{
  "model": "tasks.task",
  "pk": 16,
  "fields": {
    "name": "Suddenly hot spend industry choose.",
    "description": "Matter report manage political. Church single need yeah simple there. Month doctor side operation.",
    "deadline": "2024-07-09T10:48:35.352Z",
    "is_completed": true,
    "priority": "low",
    "task_type": 4,
    "created_at": "2024-06-14T10:48:35.353Z",
    "updated_at": "2024-06-14T10:48:35.353Z",
    "assignees": [
      12,
      2,
      16,
      14,
      15,
      6,
      3,
      9
    ],
    "tags": [
      1,
      2,
      4
    ]
  }
},
{
  "model": "tasks.task",
  "pk": 17,
  "fields": {
    "name": "Time build measure leave difficult history.",
    "description": "Thousand their PM half soon hot. Above sing beyond learn drug.",
    "deadline": "2024-06-16T10:52:15.388Z",
    "is_completed": false,
    "priority": "high",
    "task_type": 6,
    "created_at": "2024-06-14T10:52:15.390Z",
    "updated_at": "2024-06-14T10:52:15.391Z",
    "assignees": [
      27,
      30,
      25,
      26,
      17,
      20,
      21,
      22,
      31,
      29,
      32,
      23,
      28,
      19,
      24
    ],
    "tags": [
      7,
      6,
      9
    ]
  }
},
{
  "model": "tasks.task",
  "pk": 18,
  "fields": {
    "name": "Scientist development agree ok shake base any.",
    "description": "Dream help leave even response poor. Across attention road administration force. Once player tough professor campaign drive start surface.",
    "deadline": "2024-06-22T10:52:15.400Z",
    "is_completed": false,
    "priority": "urgent",
    "task_type": 10,
    "created_at": "2024-06-14T10:52:15.400Z",
    "updated_at": "2024-06-14T10:52:15.400Z",
    "assignees": [
      25
    ],
    "tags": [
      7,
      10,
      6,
      9,
      8
    ]
  }
},
{
  "model": "tasks.task",
  "pk": 19,
  "fields": {
    "name": "Wear so must Republican impact.",
    "description": "Manage skin apply talk. Nearly politics cover little could stock discover available.",
    "deadline": "2024-06-21T10:52:15.407Z",
    "is_completed": false,
    "priority": "urgent",
    "task_type": 7,
    "created_at": "2024-06-14T10:52:15.407Z",
    "updated_at": "2024-06-14T10:52:15.407Z",
    "assignees": [
      27,
      30,
      25,
      26,
      20,
      21,
      22,
      31,
      29,
      19,
      24
    ],
    "tags": [
      10,
      6,
      9
    ]
  }
},
{
  "model": "tasks.task",
  "pk": 20,
  "fields": {
    "name": "Partner camera strategy after week experience subject.",
    "description": "Magazine environmental toward bed bed certainly. Subject rest analysis.",
    "deadline": "2024-07-14T10:52:15.415Z",
    "is_completed": true,
    "priority": "urgent",
    "task_type": 6,
    "created_at": "2024-06-14T10:52:15.416Z",
    "updated_at": "2024-06-14T10:52:15.416Z",
    "assignees": [
      27,
      25,
      26,
      17,
      20,
      22,
      29,
      32,
      28,
      24
    ],
    "tags": [
      7,
      9,
      8
    ]
  }
},
{
  "model": "tasks.task",
  "pk": 21,
  "fields": {
    "name": "Class describe Democrat ten whom owner.",
    "description": "Wonder activity check policy computer full. Charge sport until participant power culture ago.",
    "deadline": "2024-07-07T10:52:15.423Z",
    "is_completed": true,
    "priority": "urgent",
    "task_type": 7,
    "created_at": "2024-06-14T10:52:15.423Z",
    "updated_at": "2024-06-14T10:52:15.423Z",
    "assignees": [
      27,
      30,
      25,
      26,
      17,
      21,
      22,
      23,
      24
    ],
    "tags": [
      7,
      10,
      6,
      8
    ]
  }
},
{
  "model": "tasks.task",
  "pk": 22,
  "fields": {
    "name": "Certainly appear drop deal.",
    "description": "Him Democrat alone television certainly investment question. Particular none than pressure cultural poor leader.",
    "deadline": "2024-07-06T10:52:15.431Z",
    "is_completed": false,
    "priority": "urgent",
    "task_type": 8,
    "created_at": "2024-06-14T10:52:15.432Z",
    "updated_at": "2024-06-14T10:52:15.432Z",
    "assignees": [
      27,
      30,
      25,
      17,
      21,
      22,
      29,
      18,
      32,
      19
    ],
    "tags": [
      7,
      10,
      6,
      9,
      8
    ]
  }
},
{
  "model": "tasks.task",
  "pk": 23,
  "fields": {
    "name": "Stand agent democratic maybe third.",
    "description": "Like free black high. Product size sound matter no. Run fact pretty evening but learn participant.",
    "deadline": "2024-07-07T10:52:15.439Z",
    "is_completed": true,
    "priority": "high",
    "task_type": 8,
    "created_at": "2024-06-14T10:52:15.440Z",
    "updated_at": "2024-06-14T10:52:15.440Z",
    "assignees": [
      27,
      30,
      25,
      26,
      17,
      20,
      21,
      22,
      31,
      18,
      19,
      24
    ],
    "tags": [
      10,
      9,
      8
    ]
  }
},
{
  "model": "tasks.task",
  "pk": 24,
  "fields": {
    "name": "Home cut continue yet stop.",
    "description": "Glass fear woman green. Through history myself Congress person nothing. Long wait road across recognize could.",
    "deadline": "2024-07-12T10:52:15.452Z",
    "is_completed": true,
    "priority": "low",
    "task_type": 6,
    "created_at": "2024-06-14T10:52:15.452Z",
    "updated_at": "2024-06-14T10:52:15.452Z",
    "assignees": [
      30,
      26,
      29,
      18,
      23,
      19
    ],
    "tags": [
      7,
      10,
      6,
      9,
      8
    ]
  }
},
{
  "model": "tasks.task",
  "pk": 25,
  "fields": {
    "name": "Reduce capital just more address value inside sing.",
    "description": "Feel stay east conference yourself word. North huge indeed road store population.",
    "deadline": "2024-06-21T10:52:15.460Z",
    "is_completed": true,
    "priority": "low",
    "task_type": 9,
    "created_at": "2024-06-14T10:52:15.460Z",
    "updated_at": "2024-06-14T10:52:15.460Z",
    "assignees": [
      27,
      30,
      26,
      17,
      20,
      21,
      22,
      29,
      23,
      19,
      24
    ],
    "tags": [
      7
    ]
  }
},
{
  "model": "tasks.task",
  "pk": 26,
  "fields": {
    "name": "Them human upon world party offer interest.",
    "description": "Have see back determine lay kid special leave. Central system itself recently available bring ahead. Rich research respond though.",
    "deadline": "2024-07-03T10:52:15.468Z",
    "is_completed": true,
    "priority": "urgent",
    "task_type": 9,
    "created_at": "2024-06-14T10:52:15.468Z",
    "updated_at": "2024-06-14T10:52:15.469Z",
    "assignees": [
      26,
      17,
      31,
      29,
      18,
      23,
      19
    ],
    "tags": [
      6,
      8
    ]
  }
},
{
  "model": "tasks.task",
  "pk": 27,
  "fields": {
    "name": "Challenge federal none move discussion move reduce event.",
    "description": "Have result understand quickly west project. Put hope economy treat change.",
    "deadline": "2024-06-19T10:52:15.476Z",
    "is_completed": true,
    "priority": "low",
    "task_type": 9,
    "created_at": "2024-06-14T10:52:15.476Z",
    "updated_at": "2024-06-14T10:52:15.476Z",
    "assignees": [
      27,
      30,
      25,
      26,
      17,
      20,
      22,
      31,
      29,
      32,
      28,
      19
    ],
    "tags": [
      7,
      10,
      6,
      9,
      8
    ]
  }
},
{
  "model": "tasks.task",
  "pk": 28,
  "fields": {
    "name": "Financial can create they clear shake.",
    "description": "Language prepare success training. Much although once.",
    "deadline": "2024-07-02T10:52:15.485Z",
    "is_completed": false,
    "priority": "normal",
    "task_type": 7,
    "created_at": "2024-06-14T10:52:15.485Z",
    "updated_at": "2024-06-14T10:52:15.485Z",
    "assignees": [
      27,
      30,
      25,
      26,
      17,
      20,
      21,
      22,
      31,
      29,
      18,
      32,
      23,
      28,
      19,
      24
    ],
    "tags": [
      7,
      6
    ]
  }
},
{
  "model": "tasks.task",
  "pk": 29,
  "fields": {
    "name": "Nature it child Republican into letter ground.",
    "description": "Knowledge arm get prove evening myself about civil. Past end attack indicate. Something own almost eye really thing. White take west if various popular everyone policy.",
    "deadline": "2024-07-03T10:52:15.492Z",
    "is_completed": false,
    "priority": "normal",
    "task_type": 9,
    "created_at": "2024-06-14T10:52:15.493Z",
    "updated_at": "2024-06-14T10:52:15.493Z",
    "assignees": [
      30
    ],
    "tags": [
      6,
      9,
      8
    ]
  }
},
{
  "model": "tasks.task",
  "pk": 30,
  "fields": {
    "name": "Case smile result foreign heart pass point black.",
    "description": "Little political price church. Over season wind between note government me.",
    "deadline": "2024-06-15T10:52:15.501Z",
    "is_completed": true,
    "priority": "urgent",
    "task_type": 8,
    "created_at": "2024-06-14T10:52:15.501Z",
    "updated_at": "2024-06-14T10:52:15.501Z",
    "assignees": [
      30,
      25,
      26,
      17,
      20,
      29,
      18
    ],
    "tags": [
      6
    ]
  }
},
{
  "model": "tasks.task",
  "pk": 31,
  "fields": {
    "name": "Stock church story close.",
    "description": "From foot history sound seem list choose.",
    "deadline": "2024-06-28T10:52:15.512Z",
    "is_completed": true,
    "priority": "low",
    "task_type": 10,
    "created_at": "2024-06-14T10:52:15.513Z",
    "updated_at": "2024-06-14T10:52:15.513Z",
    "assignees": [
      25,
      31,
      29,
      24
    ],
    "tags": [
      7,
      10,
      6,
      8
    ]
  }
},
{
  "model": "tasks.task",
  "pk": 32,
  "fields": {
    "name": "Office coach serve this memory commercial someone view.",
    "description": "Approach start war compare activity challenge. Painting usually view budget medical within. Wall doctor left.",
    "deadline": "2024-07-12T10:52:15.521Z",
    "is_completed": false,
    "priority": "low",
    "task_type": 8,
    "created_at": "2024-06-14T10:52:15.521Z",
    "updated_at": "2024-06-14T10:52:15.521Z",
    "assignees": [
      25,
      26,
      17,
      20,
      22,
      18,
      32,
      23,
      19,
      24
    ],
    "tags": [
      7,
      10
    ]
  }
},
{
  "model": "tasks.task",
  "pk": 33,
  "fields": {
    "name": "Hot report music figure lead candidate bill.",
    "description": "Energy seat produce institution history. Charge face stop ok not ok.",
    "deadline": "2024-06-20T10:52:15.529Z",
    "is_completed": true,
    "priority": "urgent",
    "task_type": 10,
    "created_at": "2024-06-14T10:52:15.530Z",
    "updated_at": "2024-06-14T10:52:15.530Z",
    "assignees": [
      27,
      30,
      25,
      26,
      17,
      20,
      21,
      22,
      31,
      29,
      18,
      32,
      23,
      28,
      19,
      24
    ],
    "tags": [
      7,
      10,
      6,
      8
    ]
  }
}
]
